{
    "loss": 9.336407661437988,
    "accuracy": 0.5035971403121948
}