{
    "loss": 3.4089701175689697,
    "accuracy": 0.5827338099479675
}