{
    "loss": 12.74819564819336,
    "accuracy": 0.5467625856399536
}