{
    "loss": 9.186283111572266,
    "accuracy": 0.5179855823516846
}